Feature_Group,Num_Features,Accuracy,F1_Score
All Features,62,0.8454545454545455,0.7661403528061763
experience,12,0.753090909090909,0.661649142527944
technical,31,0.7669898989898989,0.642578026247158
engagement,6,0.5622424242424243,0.46498242799881007
interaction,8,0.7512121212121212,0.6438477019470257
other,7,0.7572525252525253,0.636658566907126
