sample_size_percent,num_samples,train_accuracy,val_accuracy,train_f1,val_f1
20,99,0.9974683544303797,0.8384210526315791,0.997770811563915,0.6581047841047841
40,199,1.0,0.809102564102564,1.0,0.7144312496563857
60,298,0.9992307692307693,0.8488135593220338,0.9992307578514475,0.7933216152541664
80,398,0.9982807881773399,0.8567721518987342,0.9982791062074039,0.7925850943400322
100,498,0.9959821428571429,0.8675757575757576,0.9959754495368168,0.8061186353625793
