{
  "num_evaluations": 50,
  "num_repetitions": 10,
  "num_folds": 5,
  "accuracy": {
    "mean": 0.8590424242424243,
    "std": 0.030307539278366175,
    "min": 0.7878787878787878,
    "max": 0.9292929292929293,
    "median": 0.86,
    "q25": 0.8383838383838383,
    "q75": 0.88
  },
  "precision": {
    "mean": 0.7879421907256149,
    "std": 0.0476332805380454,
    "min": 0.6924431818181818,
    "max": 0.8910714285714286,
    "median": 0.790703781512605,
    "q25": 0.7524047432452604,
    "q75": 0.8170971937419307
  },
  "recall": {
    "mean": 0.8045892857142857,
    "std": 0.0452041104251993,
    "min": 0.6964285714285714,
    "max": 0.9071428571428571,
    "median": 0.8053571428571429,
    "q25": 0.7800223214285714,
    "q75": 0.8306919642857142
  },
  "f1_macro": {
    "mean": 0.7890422500956313,
    "std": 0.04325133205839436,
    "min": 0.7014636536658808,
    "max": 0.8880597422455221,
    "median": 0.7937521905383844,
    "q25": 0.7637669853864506,
    "q75": 0.816549654049654
  },
  "stability_assessment": "ACCEPTABLE",
  "coefficient_of_variation_accuracy": 3.5280608294862628,
  "coefficient_of_variation_f1": 5.481497607149976
}